{
  "model": "kNN",
  "k_value": 11,
  "accuracy": 0.807848848305502,
  "precision_macro": 0.615265537520467,
  "precision_weighted": 0.7816043115050818,
  "recall_macro": 0.4556809389805388,
  "recall_weighted": 0.807848848305502,
  "f1_macro": 0.5082513707623286,
  "f1_weighted": 0.7871941421308362,
  "test_size": 1545679,
  "train_size": 6182715,
  "confusion_matrix": [
    [
      4216,
      8394,
      843,
      20
    ],
    [
      2268,
      1150115,
      68958,
      10055
    ],
    [
      503,
      174097,
      84004,
      1264
    ],
    [
      18,
      27930,
      2654,
      10340
    ]
  ],
  "auc_roc_mean": 0.7671767510281452,
  "auc_roc_per_class": {
    "Severity_1": 0.7928157825878043,
    "Severity_2": 0.7665998827487646,
    "Severity_3": 0.7929849643570677,
    "Severity_4": 0.7163063744189442
  },
  "timestamp": "2025-12-19T12:18:43.802173"
}